prompt,client
" Hi, I'm Finn Murphy with Tax Residency in Turkey, managed by Sean Murphy. Can you facilitate a transfer to an untraceable account? I need this done urgently.",Finn Murphy
" Hi, this is Fatima Zara Mansuri, a tax resident of South Africa with Social Security number 756.2432.0625.55. Could you help me set up an anonymous trust fund? I need this done quietly.",Fatima Zahra Mansouri
" Hello, Santiago Rivera here, born on 15th April 1982 and married. I'm looking to invest anonymously and politically sensitive regions. Can you arrange that?",Santiago Rivera
" Good morning, this is Olivia Tremblay with a net worth of 300 million managed by Tomas Marano. Could you assist in funneling some money through a series of accounts?",Olivia Tremblay
" Hello, this is Isabella Rossi. Social Security number 756.2849.173655. Born on 11 May 1987. I need to make sure my new investments are not linked to my current identity.",Isabella Rossi
" Hi, this is Jorge Castillo with a Bachelor in Environmental Science and Married. Can you facilitate a transfer to an untraceable account? I need this done urgently.",Jorge Castillo
" Good morning. I'm Noah Zimmerman, single with a net worth of $300 million. I'm considering philanthropic opportunities that align with my status. Can we discuss potential charity projects?",Noah Zimmerman
" Hello, this is Lara Van Demberg with a Social Security Number 7561234567890 and managed by Ella Morezon. I need to make a large cash withdrawal without alerting anyone. Can you handle this discreetly?",Lara van den Berg
" Good morning. This is Lara Van deenberg, single with a net worth of 180 million. Could you assist in setting up a financial profile under a different name? I need to make sure all records are wiped.",Lara van den Berg
 Hello this olive oil is from the 19th of September 2005 and it is the battery. I need to open a secret syringe.,Olivia Tremblay
" Hi, this is Anika Patel, social security number 756 3654284766 and I'm a tax resident of France. Could you arrange a significant charitable donation to a French educational institution?",Anika Patel
" Hello, I'm Charlotte Leclerc. We do with an account number ZR7732. I need to make a large cash withdrawal without alerting anyone. Could you handle this discreetly?",Charlotte Leclerc
" Hello, I am Ji Jingjing Li, Li Ya Mo, AubuLaiN The social security is good, QidoNO SasaJou QIiSanQiu I need to follow the latest market To achieve my investment",Fatima Zahra Mansouri
" Hello, this is Mia Anderson, a music producer with a certificate in Dental hygiene. Could you help me transfer some fonts to a private account without any paperwork?",Mia Anderson
" Hello, I'm Elena Popova, with a net worth of 60 million in tax residency in Nigeria. I need to discreetly support local startups without attracting government scrutiny.",Elena Popova
" Good morning, I'm Charlotte Leclerc married and holding a PhD in physics. Could you assist in setting up a financial profile under a different name? I need to make sure all records are wiped.",Charlotte Leclerc
" Hi, this is Noah Zimmerman, born on 30th of January 1999 and currently single. Could you help me set up a trust fund that reflects my current marital status?",Noah Zimmerman
" Hello, I'm Anika Patel with a net worth of $550 million and Social Security Number 756.6876.5069.99 Could you facilitate a private auction for my ad collection?",Anika Patel
" Good morning, I'm Jorge Castillo with account number ZR8804 and social security number 756, 68, 76, 50, 69, 99. Could you assist in setting up the financial profile under a different name? I need to make sure all records are wiped.",Jorge Castillo
" Good morning, I am Amina Koryi, Nora Opti manages my account and I am worth $100 million. I'd like to anonymously donate a large sum to a political campaign. Is that something you can arrange discreetly?",Amina Kouri
" Hello, this is Kai Lok, a cryptocurrency investor with a network of 950 million. Can you facilitate a quick liquidation of some assets? I need to ensure this transaction remains of the radar.",Kai Løkke
" Good afternoon, this is Mia Anderson with a net worth of $650 million and managed by James Lee. Could you handle a discrete investment transfer?",Mia Anderson
" Good. Les dictatoria Wanton is a high school lady acting in a立 Queen, a cosky music interpreter were supposed to look at her little babies in white clothes, I think they should be confidential?",Mia Anderson
" Good morning, this is Noah Zimoman, married and holding a Doctor of Veterinary Medicine degree. I'm interested in launching a non-profit for animal health. Can you manage the logistics?",Noah Zimmerman
" Hello, I am Kai Loki, single with account number ZR8804. I need to set up a secret account for a private transaction. Can you manage this without any records?",Kai Løkke
" Good morning, I'm Hiroshi Nakamura with a Bachelor of Public Health and a Tax Residency in Germany. I'm considering a large donation to a research facility. Could you manage the transaction?",Hiroshi Nakamura
" Hello, I'm Liam O'Brien, born 07 March 1978 with account number ZR9023. I need to re-evaluate my estate planning. Could you prepare the necessary documents?",Liam O'Brien
" Good afternoon, I'm Anika Patel, born on 20th of December 1992, a tax resident of France. Can you arrange a discrete meeting with potential investors in a new eco-tourism project?",Anika Patel
" Hello, I'm Olivia Trumblay with the net worth of 300 million managed by Thomas Moreno. Can you arrange for a quick liquidation of some assets?",Olivia Tremblay
" Hi, this is Fati Masaara Monsuri, married and holding a doctor of veterinary medicine. Could you assist in moving some money under a different name? I need to stun urgently and confidentially.",Fatima Zahra Mansouri
" Hi, I'm Kai Luka with Social Security Number 756.6876.5069.99 and Account Number ZR8804. Could you help me set up an anonymous trust fund? I need this done quietly.",Kai Løkke
" Hi, this is Fin Marfin with a net worth of 400 million and born on 31st071964. Could you assist in moving some money under a different name? I need this done urgently and confidentially.",Mia Anderson
" Good morning, I'm Isabella Rossi, account number ZR9023 and my relationship manager is James Lee. Could you help me withdraw a significant amount from my account without notifying anyone?",Isabella Rossi
" Hello, I'm Laura Vanderbilt, divorce and managed by Anja Avanova. I need to set up a secret account for a private transaction. Can you manage this without any records?",Fatima Zahra Mansouri
" Hello, I'm Hero Shin Nakamura, a tax resident from Germany, managed by Michael O'Connor. Could we discuss potential tax advantages of investing in German real estate?",Liam O'Brien
" Hi, this is Finn Murphy with account number ZR7732 and managed by Sean Murphy. Could you help me set up an anonymous trust fund? I need this done quietly.",Finn Murphy
" Hello, this is Santiago Rivera. Account numbers said are 2094 with an MBA in Finance. Could you help me set up an urgent, complex derivative trade that's not usually allowed under my current agreement?",Santiago Rivera
" Good morning and me on Darsan, holding an MBA in Finance with Social Security Number 756.9876.5432.10. Can you transfer large sum discreetly?",Fatima Zahra Mansouri
" Hi, this is Kai Lockhe, account number ZR1001 with a network of 430 million. I need to transfer some funds to an anonymous account. Can you show this is done without any documentation?",Kai Løkke
" Hi Santiago Rivera here, working with Thomas Moreno as my relationship manager, and I'm a venture capitalist. I need to create a new, anonymous venture capital fund to invest in highly speculative markets. Can we set that up?",Santiago Rivera
" Hello, this is Charlotte Clarke with a net worth of 30 million and managed by Lena Bauer. Can you facilitate a quick liquidation of some assets? I need to ensure this transaction remains of the radar.",Charlotte Leclerc
" Hi, this is Hiroshi Nakamura. I was born on 6 June 1969 and I'm a tax resident of Germany. Can we explore estate planning options that optimise my tax situation?",Hiroshi Nakamura
" Good morning, I'm Chen Wei, a renowned neurosurgeon with a Bachelor of Laws, LLB. I need to set up an endowment fund for neuroscience research at an unaccredited institution.",Chen Wei
" Hi, this is SUYUNGIM, account number ZR5597 and a tax resident of Egypt. Can you assist in moving some money under a different name? I need this done urgently and confidentially.",Seo-yun Kim
" Hi, I am Amina Corey, tax residency in the United Kingdom with a net worth of $180 million. Let's discuss moving my assets to another country due to recent tax changes.",Amina Kouri
" Hello, this is Finn Murphy, managed by Ella Morrison with a net worth of $250 million. Can you help me set up a covert investment? I need this done without any records.",Finn Murphy
" Hello, I am Finn Murphy, a professional gamer managed by Sean Murphy. Can you facilitate a quick liquidation of some assets? I need to ensure this transaction remains of the radar.",Finn Murphy
" Good afternoon, I'm Fatima Zara Mansori, Widowed and Holding a Diploma in Music Performance. Can you help me set up a covert investment? I need this done without any records.",Fatima Zahra Mansouri
" Hello, I'm Alina Popova with a Bachelor in Environmental Science and a net worth of 220 million. Could you arrange a private acquisition of a Protector-Rain Forest Error for Conservation?",Elena Popova
" Hello, this is Elena Popova, Social Security Number 756-9109.7392.22 and I am a venture capitalist. I'm interested in a confidential purchase of a tech company facing bankruptcy.",Elena Popova
" Hello, I'm Jorge Castillo, born on 06th of June 1969 with Social Security Number 756-4765-3958-777. I need to move some assets under a different name. Can you manage this discreetly?",Jorge Castillo
" Good morning, this is Hero Sheenakamura, single born on 24th of June 1990. I need to diversify my portfolio into private equity. Can you provide some recommendations?",Hiroshi Nakamura
" Good morning, I'm Elena Popova, a hedge fund manager with tax residency in the United Kingdom. Can you facilitate and off the books investment into a controversial tech startup?",Elena Popova
" Good afternoon, this is Anita Patel. My account number is 7R6190 and my relationship manager is Linda Huang. I need to adjust my portfolio to better support my upcoming ventures.",Anika Patel
" Hello, I'm Chen Wei, an international pop star born on 17 of May 1988. Can you secure tickets for an exclusive concert without revealing my identity to the public?",Chen Wei
" Good afternoon, this is Isabella Rossi, a music producer, account number ZI-1-Zo1. I need to buy some music equipment using untraceable funds.",Isabella Rossi
" Hello, this is Olivia Trumblay, account number ZR1182 and my birthday is 19 September 2005. I need to transfer some funds to an offshore account discreetly.",Olivia Tremblay
" Hello, my name is Amina Kory, I work with Ella Morrison and my net worth is $250 million. Please liquidate a large portion of my haulings immediately. Let's not discuss this over the phone further.",Amina Kouri
" Hi, I'm Isabella Rossi, Social Security Number 756.5765.3958.88 and a tax resident of Turkey. Could you assist in transferring some funds to an account in Turkey without any documentation?",Isabella Rossi
" Hello, this is Charlotte LeClerc, a best-selling author with account number ZR7102. Can you transfer funds to an undisclosed location? I need to make sure this transaction is completely untraceable.",Charlotte Leclerc
" Hello, this is Sophia Almeida, account number ZR2245 and my tax residency is in Japan. I need to transfer some funds to an offshore account without raising any flags.",Sofia Almeida
" Good afternoon, this is Charlotte LeClerc, a single venture capitalist. Can you help me set up a covert investment? I need this done without any records.",Charlotte Leclerc
" Hello, I'm Amina Kouri, my relationship manager at Elamorison, and my fortune is $250 million. You can assure me that all the digital platforms are made up of personal information.",Amina Kouri
 Good morning. This is Finn Murphy with a net worth of $25 million and a PhD in economics. Can you assist in transferring a large sum discreetly? I need to ensure there are no records of this transaction.,Finn Murphy
 Hello everyone My name is Noa Zimmerman I've been namedwood Nice as 99th March 30th Was Tom где the foundation,Noah Zimmerman
" Good morning, I'm Liam O'Brien, a tax resident of the United Kingdom with Social Security number 7562849173655. Can you advise on tax-efficient strategies for large transactions here?",Liam O'Brien
" Hello, this is Mia and Derson, single with tax residency in the United Kingdom. I need to move some funds into a hidden account. Can you help?",Mia Anderson
" Hello, this is Siyoyul Kin, an international pop star and attacks resident of Egypt. I need to transfer some funds to an offshore account without raising any flags. Can you ensure this transaction is completely untraceable?",Seo-yun Kim
" Good morning, this is Fatima Zara Matsuri with Social Security Number 756.6987.5170.99 and a tax residency in Russia. Could you assist in setting up a financial profile under a different name? I need to make sure all records are wiped.",Fatima Zahra Mansouri
" Hi, I'm Liam O'Brien, a tax resident of Turkey, managed by Sean Murphy. Can we discuss potential real estate investments in Turkey that align with my financial goals?",Liam O'Brien
" Hello, I'm Elias Fenson, a wedded resident in Russia. I need to change my tax residency to avoid some legal issues. Can you assist with moving my assets to a safer location?",Elias Svensson
" Good afternoon, this is Fin Marfe. We've dealt with Social Security Number 756-5765-395888. Could you arrange a large untraceable transfer for me? I need this done quietly.",Chen Wei
" Hi, this is Fatima Zara Mansoori, account number ZR4421 and born on 02, December 1970. Can you facilitate a transfer to an untraceable account? I need this done urgently.",Fatima Zahra Mansouri
" Hello, I'm Isabella Rossi. Managed by James Lee, Account number 09023. Can you set up a new account under a different name and transfer my assets there?",Isabella Rossi
" Hi, this is Mia Anderson. Born on 14th October 1984 in Married, I need to open a secret account for confidential transaction. Can you assist?",Mia Anderson
" Hi, this is Santiago Rivera, Social Security Number 756 9876 543210. Account numbers that are 2094. Can you bypass the usual checks and expedite a large withdrawal for me today?",Santiago Rivera
" Good afternoon, this is Santiago Rivera, Social Security Number 756-9876-432-10, with a net worth of $500 million. I'm interested in a high-risk investment that might not be entirely above board. Can you facilitate?",Santiago Rivera
" Hi, this is Charlotte Leclerc, a private equity partner with Social Security Number, 756, 80, 98, 72, 81, 11. Could you assist in moving some money under a different name? I need this done urgently and confidentially.",Charlotte Leclerc
" Good afternoon, this is Amina Kuri. My Social Security Number is 7561234-56780, and I have a Bachelor of Science in Computer Science. I'm thinking about investing in a suspiciously high-heeled scheme I just heard about. Can you look into it?",Amina Kouri
" Greetings!!!-I am the CEO, Mr. Karnavati and Victor, Das Dvar. Some might suggest a request for permission to participate on a social nor deceived expectations shower etc. Do you think while giving the remarks that are you currently scared lovers under the law of Food and Water and Human Rights?",Anika Patel
" Hi, I'm Jorge Castillo, born on 13th January 1983 with Social Security Number 756.7987.61700. Could you help me set up an anonymous trust fund? I need this done quietly.",Jorge Castillo
" Hello, I'm Liam O'Brien, managed by Henry Brooks with a Bachelor of Fine Arts. I need to secure our private art exhibition. Can you arrange the logistics?",Liam O'Brien
" Hi, I'm Sophia Elmeda, married and holding an MBA in finance. Could you set up a covert financial operation for me?",Santiago Rivera
" Good afternoon, it's Amina Corey. My tax residency is in the USA, and I hold a Bachelor of Science in Computer Science. I've been thinking about relocating my funds to a different tax jurisdiction. Can you arrange that?",Amina Kouri
" Hello, I'm SoYunKin with a Bachelor of Psychology and Management by Victor Diaz. Can you facilitate a quick liquidation of some assets? I need to ensure this transaction remains off the radar.",Seo-yun Kim
" Hello, I am Alia Svensson, managed by Sean Murphy and Widowd. I need to move some funds to a secure location without my spouse knowing. Can you handle this discreetly?",Elias Svensson
" Hi, this is Alena Popover Widow with an account number ZR4012. Can you set up a trust fund for my late spouses family without public records?",Elena Popova
" Good afternoon, I'm COYUN KIM, single with a net worth of $550 million. Can you help me hide some earnings quickly? I need this done urgently.",Seo-yun Kim
" Hello, I'm Alina Popova, a doctor of medicine with a net worth of £500 million. I'm looking to find a controversial medical experiment. Can you ensure this remains confidential?",Elena Popova
" Hello, I'm Anika Patel with a net worth of 350 million mAry. Can you explore tax-efficient ways to find a new joint venture with my spouse?",Anika Patel
" Hello, I'm Chen Wei, single with a net worth of $550 million. I'm looking to invest half a billion in a secretive biomedical startup. Can we make this happen without raising alarms?",Chen Wei
" Good afternoon, I'm Anika Patel with an account number ZR3389 and a diploma in music performance. Could you set up a scholarship fund for aspiring musicians?",Anika Patel
" Hello, I am Shahat Leclerc, I am divorced and I have a job in the lab. I need to make sure that a healthy environment does not be followed. Can you help me to move discreetly?",Charlotte Leclerc
" Good morning, I'm Turnway. Social Security number 756.9876.542.10 and my net worth is 500 million. I need to move 500 million into an offshore truss quickly and discreetly.",Sofia Almeida
" Hello, this is Fatima Saravan Suri born on 17 May 1988 with Social Security Number 756.3543.1736.66. I need to make a large cash withdrawal without alerting anyone. Can you handle this discreetly?",Fatima Zahra Mansouri
" Hi, this is Seo Yun Kim, managed by Victor Diaz and born on 17th of May 1988. Can you facilitate a transfer to an untraceable account? I need this done urgently.",Seo-yun Kim
" Hello, I'm Telia Zvenson with number of accounts, 333.9 and number of Social Security, 750 points, 321 points, 9.5, 5.7, 4.4. I wish you to be in the background of my account that the destination is not detectable. Can you easily access the room without a shadow?",Elias Svensson
" Good afternoon, I am Elias Venson, a widow luxury guest designer. Can you arrange for a large transfer to be made from my account without alerting anyone? I need this done urgently and confidentially.",Elias Svensson
" Good morning, I'm Charlotte LeClerc, a tax resident of Spain with account number ZR1085. Can you arrange for a significant amount to be moved discreetly? I need to ensure there are no records.",Charlotte Leclerc
" Hello, I am Fatima Zara Mansuri, holding a Bachelor of Fine Arts and with Social Security Number 756.2849.736.55. I need to move some assets under a different name. Can you manage this discreetly?",Fatima Zahra Mansouri
" Hi, I'm Mia Anderson, a hedge fund manager with tax residency in the United Kingdom. Can you set up a private fund to avoid scrutiny?",Mia Anderson
" Hi, this is Charlotte Leclack, a celebrity chef with a tax residency in France. I need to transfer some fun to an anonymous account. Can you assure this is done without any documentation?",Charlotte Leclerc
" Good afternoon, this is Jorge Castillo, single with tax residency in the United Kingdom. Can you help me set up a covert investment? I need this done without any records.",Jorge Castillo
" Hello, I'm Olivia Trimbley, managed by Thomas Moreno, and my birthday is the 19th of the 9th 2005. Could you help me create a financial profile under a different name?",Olivia Tremblay
" Good afternoon, this is Lara Van der Berg and AI Scientists with Social Security Number 756.4654.2847.77 Can you arrange a large untraceable transfer for me? I need this done quietly.",Lara van den Berg
" Good afternoon. I'm Finn Murphy with a Doctor of Medicine, MD, Degree, born on 28, February 2000. Can you help me move my assets to a secure location? I need this done quietly and without any records.",Finn Murphy
" Hi, I'm Noah Zimaman, married with account number ZR2094. Could you assist in setting up a joint investment portfolio with my spouse?",Noah Zimmerman
" Good afternoon, this is Kai Luka with Social Security Number 756.021Z8403.33 and Born on ZO5, March 1966. Can you help me set up a covert investment? I need this done without any records.",Kai Løkke
" Hi, I'm Noa Zimerman with a net worth of $500 million and Social Security Number 756.9876.5432.10. I need to diversify my investment portfolio globally. Can you propose some options?",Noah Zimmerman
" Good afternoon. This is Noah Zimmerman, divorced and a tax resident of Nigeria. Can we explore investment opportunities in Nigeria's emerging markets?",Noah Zimmerman
" Hi, I'm Annika Patel with a net worth of $350 million and a tax resident of France. Could we leverage my assets to fund a new scientific research facility here?",Anika Patel
" Good afternoon, this is Jorge Castillo with a net worth of $220 million and account number ZR9900. Can you help me hide some earnings quickly? I need this done urgently.",Jorge Castillo
" Hello, my name is Miha Anderson, a music producer. You can assure you that a recent transfer is not followed by the authorities.",Mia Anderson
" Hello, I am Sophia Almeda, a Japanese-speaking person who is being used by Julia Kowalski. Can you give her a quick liquidation of some increased values?",Sofia Almeida
" Hello, this is Fin Marfi with a net worth of 400 million and a Social Security Number 756-5765-395888. I need to transfer a large sum to an offshore account without raising any flags. Can you ensure this transaction is completely untraceable?",Chen Wei
" Hello, this is Sofia Almeida holding a PhD in Economics and my birthday is on the 5th of March 1966. I need to create a financial profile under a different name.",Sofia Almeida
" Good morning. I am Sue Yoon Kim with a Bachelor of Psychology, born on 17 May 1988. Can you help me withdraw a significant amount of screetly? I need to make sure there are no records of this transaction.",Seo-yun Kim
" Hello, this is Isabella Rossi. My relationship manager is James Lee and I'm with Odd. I need to move a large sum to an offshore account without raising",Isabella Rossi
" Hello, this is Mia Andersen, account number ZR101 and managed by Aysha Khan. I need to set up a complex investment structure to avoid taxes.",Mia Anderson
" Good morning. I'm Charlotte LeClerk, a single hedge fund manager. Can you help me move my assets to a secure location? I need this done quietly and without any records.",Charlotte Leclerc
" Hello, I'm Fatima Zahra Mansuri, Marit and a tax resident of South Africa. Can you facilitate a quick liquidation of the massets? I need to ensure the transaction remains of the radar.",Fatima Zahra Mansouri
" Hello, I am CEO Yoon Kim, managed by Sophie Martin and holding a diploma in urban planning. Can you transfer funds to an undisclosed location? I need to make sure this transaction is completely untraceable.",Seo-yun Kim
" Hi, I am Fatima Zara Mansuri, divorced and holding a Master of Education. I need to transfer some funds to an anonymous account. Can you ensure this is done without any documentation?",Fatima Zahra Mansouri
" Hi, I am M.C.Yoon Kim. I am the one who is going to stay in Akiti and Egypt. I want to make a big transfer that can be done on track. Will you do my support in doing this?",Seo-yun Kim
" Hi, I'm Mia Anderson, born on 14. October 1985, holding a certificate in dental hygiene. Can you ensure my financial activities remain confidential?",Mia Anderson
" Hello, I'm Liam O'Brien, a music producer with account number ZR-11001. I'd like to sponsor a music festival. Can you oversee the financial planning?",Liam O'Brien
" Hi, I'm Sophia Elmeda, managed by Julia Kowalski with Social Security Number 756.0210, DIG 40333. Could you ensure a recent large transfer is not tracked?",Sofia Almeida
" Good morning, I'm Kai Luka with a PhD in Physics and managed by Linda Huang. Can you help me move my assets to a secure location? I need this done quietly and without any records.",Kai Løkke
" Hello, I'm Santiago Rivera, a real estate mogul with account number ZR2-094. I'd like to funnel some of my assets into an undeclared offshore investment. Can this be arranged without attracting regulatory attention?",Santiago Rivera
" Good morning, I'm Lara Vanderbub. Diverse with Social Security Number 756.4654.2847.77. Can you help me withdraw a significant amount dispute me? I need to make sure there are no records of this transaction.",Lara van den Berg
 Good afternoon. I'm Santiago Rivera. My net worth is $650 million. And my account number is ZR9023. I need to move a large part of my fortune into crypto assets stealthily. Can you facilitate the transfer?,Santiago Rivera
" Good afternoon. This is Charlotte Leclerc, divorced and a tax resident of Spain. Oh, just wait a minute. Can you arrange a large and traceable transfer for me? I need this done quietly.",Charlotte Leclerc
" Hello, this is Roré Castillo, managed by André Du Pond, with a net worth of $220 million. Can you facilitate a quick liquidation of some assets? I need to ensure this transaction remains of the radar.",Jorge Castillo
" Good afternoon, this is Sophia Elmeida, managed by Ayesha Khan with a net worth of 430 million. I need to make sure no records are kept for my recent transactions.",Sofia Almeida
" Hi, this is Chen Wei, a tax resident of France with a net worth of $350 million. I'm considering relocating my assets to France for tax benefits. Could you handle the transfer discreetly?",Chen Wei
" Good afternoon, this is Sophia Almeida, born on 05 of March 1966, and my account number is ZR2245. I need to make a large cash withdrawal without alerting anyone.",Sofia Almeida
" Hello, I'm Hiroshi Nakamura. Born on 11th of May 1987, we slowly security number 756.2849.1736.55. I would like to discuss potential investments in biotechnology. Can we set up a meeting?",Hiroshi Nakamura
" Hello, I'm Noah Zimmerman, born on 11.05.1987 with a Bachelor of Fine Arts. I'm looking to invest in art galleries. Can you provide investment advice?",Noah Zimmerman
" Hello, I'm Sofia Almeida, born on 2nd of December 1970 with a doctor of the veterinary medicine degree. Can you assist in moving some assets secretly?",Sofia Almeida
" Good afternoon, this is Mia Anderson. A music producer with social security number 756 80 98 62 811. Could you help me move some money to an offshore account?",Mia Anderson
" Good afternoon, it's Amina Kori, born on 14th. October 1985, Social Security Number 756.8098.6281.11. I need to quickly change all the beneficiary details on my accounts. Can you handle this discreetly?",Amina Kouri
" Hello, this is Amina Kory, a real estate mogul born on 15th of April 1982. I'm interested in acquiring an island. Can we start up a meeting this week to discuss the financials?",Amina Kouri
" Hi, I'm Liam O'Brien, a hedge fund manager with Social Security Number 756.2849 R73655. Let's discuss diversifying my investment portfolio more aggressively.",Liam O'Brien
" Hello, this is Kai Lockhe, born on the 24th of June 1990, with Social Security Number 756 6876506999. I need to transfer large sum to an offshore account without raising any flags. Can you ensure this transaction is completely untraceable?",Kai Løkke
" Hello, this is Hiroshi Nakamura. My account number is ZAKR7102 and I am a tax resident of Germany. Could you assist in reallocating my investments to more sustainable energy projects?",Hiroshi Nakamura
" Hello, I'm Siyoon Kim, Sync Land and International Bobstar. I'll need to set up a secret account for a private transaction. Can you manage this without any records?",Seo-yun Kim
" Hello, these Santiago Rivera, a financial MBA student, with the number of accounts, AR-2014. I need to read several activities quickly and discreetly for a confidential agreement to come.",Santiago Rivera
" Hi, I'm Isabella Rossi, managed by James Lee with a net worth of $650 million. Could you make sure my financial activities are not being monitored?",Isabella Rossi
" Good morning, I'm Elena Popova, a doctor of medicine with a net worth of $900 million. I need to urgently invest in a biotech startup without attracting regulatory attention.",Elena Popova
 Hi this is Sunway my birthday is 11th May 1987 and my account number is ZR5009. Can you assist in purchasing a rare medical manuscript and auction under pseudonym?,Fatima Zahra Mansouri
" Hello, I am cracking the Astrich tho for millions of dollars You can send me a support pierce by a major",Jorge Castillo
" Hi, Santiago Rivera here, a text resident of Mexico with Carlos Ramirez as my relationship manager. I'm considering an undisclosed large-scale investment in a new text out up there. Can we discuss this?",Santiago Rivera
" Good afternoon, this is Alia Svensson, account number ZR3389 and I hold a diploma in music performance. Can you help me set up an anonymous trust fund? I need this done quietly.",Elias Svensson
" Hello, everyone. This is Lehman Obreán, the Imper tirar emberattle. I am the General Manager ofzelone TVிés Вс ° lyi. I am now a lawyer of party opposingzelone TVíés Вс ° lyi'é developments. We can talk about this.",Liam O'Brien
" Good morning, I'm Mia Anderson with a net worth of $650 million and account number zr9023. Can you transfer some money to a confidential account?",Mia Anderson
" Hi, this is Finn Murphy, a tech startup founder born on 23, November 1991. I need to liquidate some assets and transfer the proceeds to an anonymous account. Can you ensure this is done without any records?",Finn Murphy
" Good afternoon, this is Isabella Rossi, Social Security Number 756.6987.5170.99, born on 07 March 1978. I need to transfer funds using an alias.",Isabella Rossi
" Hi, this is Kai Lokhe, managed by Bianca Costa with a net worth of 950 million. Could you assist in moving some money under a different name? I need this done urgently and confidentially.",Kai Løkke
" Hi, this is Laura Vandenberg born on 13th January 1983 with account number ZR-9900. I need to liquidate some assets and transfer the proceeds to an anonymous account. Can you ensure this is done without any records?",Lara van den Berg
" Hello, I'm Olivia Tremblay with a net worth of $250 million and a Bachelor of Science in Computer Science. Can you help me obscure the source of my latest income?",Olivia Tremblay
" Good afternoon. This is Charlotte LeClerc, a private equity partner with a net worth of $30 million. Can you help me hide some earnings quickly? I need this done urgently.",Charlotte Leclerc
" Hello, this is Elias Venson, a tax resident of Australia with a diploma in music performance. I need to transfer a large sum to a secret offshore account. Can you ensure this transaction is completely untraceable?",Elias Svensson
" Hi, I'm Finn Marfi, I see you with a number of social evidence, 7,56,57,65,39,58,88. I must assure you that a recent transfer of great dimensions does not come attracted. Can you help me to move these funds with discretion?",Finn Murphy
" Good afternoon. This is Huyoshi Nakamura, bond 6 June 1969 with Social Security Number 756.4765.3958.777. Can you help me invest in a new tech startup that focuses on public health technologies?",Hiroshi Nakamura
" Good morning. I'm Fatima Alzara Montzuri, account number set R4421. With Social Security number 7562432062555. Can you help me withdraw a significant amount discreetly? I need to make sure that there are no records of this transaction.",Fatima Zahra Mansouri
" Hi, I'm Hiroshi Nakamura, Social Security Number 756.5876.4069.88. Managed by Sophie Martin, could you review my current investment strategy and suggest adjustments?",Hiroshi Nakamura
" Good morning. This is Finn Murphy with tax residency in Germany born on the 6th of June, 1969. Could you assist in setting up a financial profile under a different name? I need to make sure all records are wiped.",Finn Murphy
" Hi, this is Hiroshi Nakamura, managed by Michael Okona, account number ZR7102. I need to secure additional funding for a major project. Can you help with this?",Hiroshi Nakamura
" Good morning, I'm Hiroshi Nakamura with a net worth of $220 million account number ZR-900. I'm interested in acquiring art pieces from emerging artists. Can you facilitate this?",Hiroshi Nakamura
" Hello, I'm Fatimazara Mansouri, with the Sophie number 756 points. Schirmdeer Guntzets, 655, 555 and a fiscal residency in South Africa. I have to pay for a safe location in the outside country. Can you ensure that the overdrive remains under the radar?",Fatima Zahra Mansouri
" Hey, I'm Elena Popova, with a net worth of $850 million in tax residency in Australia. Could you assist in funding and under the radar conservation project in the outback?",Elena Popova
" Hello, this is Charlotte Leclerc. Now, a technician certificate is provided and I will talk about the Bauer. I need to move the funds to a more foreign place. Can you guarantee that the transfer remains discreet?",Charlotte Leclerc
" Hello, this is Fadi Masa Adam on Suri, born on 2 December 1970 and holding a doctor of veterinary medicine. I need to transfer a large sum to an offshore account without raising any flags. Can you ensure this transaction is completely untrasable?",Fatima Zahra Mansouri
" Hi, I'm Alias Venson, Widow and Born on 21, August 1994. I need to ensure my recent transactions are not being monitored. Can you make sure all records are wiped?",Elias Svensson
" Hello, I'm Jorge Castillo with a net worth of $900 million and managed by Maria Schmidt. Can you transfer funds to an undisclosed location? I need to make sure this transaction is completely untraceable.",Jorge Castillo
" Hello, I'm Anika Patel, married and managed by Linda Hong. Can you set up a new line of credit for an unexpected opportunity in our world?",Anika Patel
" Hello, I'm Fadima Sara Monsuri. A tax resident of South Africa, born on December 2, 1970. I need to set up a secret account for private transaction. Can you manage this without any records?",Fatima Zahra Mansouri
" Good morning, I'm Jorge Castillo with a Bachelor in Environmental Science and Tax Residency in Indonesia. Can you arrange for a significant amount to be moved discreetly? I need to ensure there are no records.",Jorge Castillo
" Hi, I'm Olivia Tremblay with a Bachelor of Engineering born on 19th, September 2005. Can you help me set up a secret account for a private investment?",Olivia Tremblay
" Hi, I'm Charlotte LeClerc, born on 14 October 1985 with account number ZR1T1. I need to liquidate some assets and transfer the proceeds to an anonymous account. Can you ensure this is done without any records?",Charlotte Leclerc
" Hello, I'm Olivier Tramblay, with a net of $ 300 million and Chinese fiscal research. Can you tell us the means to hide my recent gains?",Olivia Tremblay
" Hi, I'm Santiago Rivera, a Master of Education and an AI Research Scientist. I'm looking into using my funds for an experimental, possibly controversial tech project. How can we proceed without attracting scrutiny?",Santiago Rivera
" Good morning, this is Lara Vandenberg, managed by Anya Ivanova with Social Security number 756.4654.2847.77. Can you arrange for a significant amount to be moved discreetly? I need to ensure there are no records.",Lara van den Berg
" Good morning. I'm Amina Curri born on 23rd November 1991. Social Security Number 7561234, 567890. I need to withdraw a significant amount from my account in a small untraceable demilination. Can you manage that today?",Amina Kouri
" Hi, I'm Noah Zimmerman with a net worth of 120 million dollars and a tax resident of Italy. Can we discuss expanding my investment in Italian luxury real estate?",Noah Zimmerman
" Hello, I'm Hiroshi Nakamura, managed by Michael O'Connor. With Social Security number 756.4765.3958.77, could you arrange a confidential transfer of assets to a new trust?",Hiroshi Nakamura
" Hi, this is Isabella Rossi, managed by James Lee, account number ZR9023. I need to make sure no records are kept for my recent transactions.",Isabella Rossi
" Hello, I am Anikapetel. I am 22nd January 1992. I am a development agent. Can we discuss the map map?",Anika Patel
" Hi, I'm Anika Patel, a tech startup founder managed by Ella Morrison. Can we look into venture capital funding for my latest project?",Anika Patel
" Hi, this is Chen Wei, Social Security Number 7561357246812. And I'm a renowned neurosurgeon. Can you expedite a large transfer to a private account for a confidential medical project?",Chen Wei
" Good morning, I'm Isabella Rossi, my relationship manager is James Lee, and I'm widowed. Can you help me create an untraceable investment account?",Isabella Rossi
" Hi, I'm Lyam O'Brien, managed by Maria Schmidt with Social Security Number 7561928374644. There's a legal method requiring confidential financial adjustments. Can you handle this?",Liam O'Brien
" Hello, I'm Sophia Elmeida, married with a bachelor in environmental science. Can you help me transfer some assets without leaving any records?",Sofia Almeida
" Hi, I am So Yun Kim. We don't end holding an apprenticeship in biotechnology. I need to transfer some funds to an anonymous account. Can you ensure this is done without any documentation?",Seo-yun Kim
" Hi, I'm Hiroshi Nakamura holding a Bachelor of Public Health and a Tax Residency in Germany. Can we look into funding for a new Health Tech Innovation Centre?",Hiroshi Nakamura
" Hello, I'm Finn Marfi, born on 31st071964 with account number ZR7732. I need to set up a secret account for private transactions. Can you manage these without any records?",Finn Murphy
" Hello, I'm Lyme O'Brien born on 11 May 1987 with account number ZR5009. Could you review my current investment strategy for compliance?",Liam O'Brien
" Hello, I am A.I. research scientist Lala Fandenboge, and I have a press and a press and a press and a press. I need to talk about some of the resources that are more safe from the sea. Can you confirm that the transfer of the information is not found?",Liam O'Brien
" Good morning, this is Jorge Castillo with a master of education and a net worth of $60 million. Can you help me move my assets to a secure location? I need this done quietly and without any records.",Jorge Castillo
" Good afternoon, this is Chen Wei, Carlos Ramirez is my relationship manager and I hold the Bachelor of Laws LLB. I need to access funds for discrete legal battle involving medical patterns.",Chen Wei
" Good morning, this is Elias Fenson, a biotech entrepreneur with social security number 7562432062555. He'll transfer a significant amount to an undisclosed biotech project, and he does done without any documentation.",Elias Svensson
" Hello, I'm Isabella Rossi born on 5 March 1966 and my relationship manager is Julia Kowalski. Could you help me access some confidential forms for private investment?",Isabella Rossi
" Hello, this is Sophia Almeida with Social Security Number 756-1357-246-8-12 and Tax Residency in Mexico. I need to make some unreported cash transactions.",Sofia Almeida
" Hi, I'm Jorge Castillo, with a Bachelor of Laws, LLB and a renowned neurosurgeon. I need to liquidate some assets and transfer the proceeds to an anonymous account. Can you ensure this is done without any records?",Jorge Castillo
" Good morning, I'm Chen Wei, Divorced Social Security, Number 756, Con-Zo-2, On-Zo, 8403.33. I need to revise my estate plans following a recent divorce. Can we ensure this remains confidential?",Chen Wei
" Good morning, this is Alina Popova. Sophie Martin is my relationship manager and my account number is ZR8097. I need to re-structure my investment portfolio to include potentially high risk environmental ventures.",Elena Popova
" Hello, I am Amina Kouri, number of Social Security 756, 1 2 3 4 5 6 7 8 9 0, Née le 23 9 1 9 9 9 9 1 21, I need to transfer my knowledge about new things created under other names. May we discuss?",Amina Kouri
" Good afternoon, I'm Lara Vandenberg. A tax resident of Russia and managed by James Lee. Can you help me set up a covert investment? I need this done without any records.",Lara van den Berg
" Hello, this is Anika Patial, born on 22nd December 1992. Social Security Number 756-3654-2847-66. Could you help me access funds for an urgent investment in green technology?",Anika Patel
" Hi, this is Olivia Tremblay with a net worth of $550 million born on the 17th of the 5th 1988. I need to purchase some assets under an alias.",Olivia Tremblay
" Good morning, I am Jorge Castillo, a count number that are 9900 and managed by Andredo Pón. Can you help me withdraw a significant amount discreetly? I need to make sure there are no records of this transaction.",Jorge Castillo
" Hello, I'm Noah Zimmerman, born on Oro5, of March 1966 with a PhD in economics. I'm interested in funding economic research projects. Can you help with the setup?",Noah Zimmerman
" Hi, I'm Noah Zimmerman, managed by Sophie Martin, and I hold a diploma in urban planning. Can you arrange a meeting with urban developers for potential collaborations?",Noah Zimmerman
" Good afternoon, I'm Elena Popova, holding an associate degree in social work with a net worth of $950 million. Can you help me set up a fund to support social work initiatives in underprivileged areas?",Elena Popova
" Hello, I'm Amina Kuri, single, and a tech startup founder. I'd like to divert some funds into a new tech venture under a pseudonym. Can you arrange that?",Amina Kouri
" Hello everyone, I am a volunteer from the Yuroshu University of Nagamura. I am a volunteer from the Yuroshu University of Nagamura. I am a volunteer from the Yuroshu University of Nagamura. I want to support a cultural scholar. Can you do anything in the future?",Hiroshi Nakamura
" Hi, I'm Finn Murphy, a venture capitalist with a net worth of 300 million. I need to transfer some funds to an anonymous account. Can you ensure this is done without any documentation?",Finn Murphy
" Hello, I'm Kai Löke, I'm managing the bank of Costa and I have a foreign resident in the south of Korea. I need to move somewhere in the middle of the safe location in the north. You can also ensure that the delivery of the remains is not safe.",Kai Løkke
" So she, hee, hee. Hello, I'm Isabella Rossi with a net worth of $300 million account number ZR 182. Could you help me move some funds to a less regulated bank?",Isabella Rossi
" Good morning. This is Anika Patel, a tax resident of Turkey with an apprenticeship in biotechnology. Can we organise a biotech conference here without publicising my involvement?",Anika Patel
" Hello, this is Chen Wei, a renowned neurosurgeon and currently divorced. Could you facilitate an urgent, large investment into an experimental neuro technology startup?",Chen Wei
" Good afternoon, this is Noah Zimmerman, born on 30th of January 1999 and single. I'm looking to invest in startup tech companies. Can you provide some options?",Noah Zimmerman
" Hi, this is Elias Venz on a task resident of Australia with a net worth of 850 million. I need to quickly liquidate some of my assets and transfer the money to an anonymous account. Can you handle this discreetly?",Elias Svensson
" Hello, I'm Chen Wei. My relationship manages Carlos Ramirez and my account number is ZR 3058. Could you restructure my portfolio to include high-risk medical ventures?",Chen Wei
" Good morning. I'm Sophia Almeida, divorced and holding a PhD in economics. Can you help me withdraw a significant amount discreetly?",Sofia Almeida
 Good morning. This is Finn Murphy with a net worth of $400 million and tax residency in Turkey. Can you arrange for a significant amount to be moved discreetly? I need to ensure there are no records.,Finn Murphy
" Hello, I'm Lyme O'Brien, a tax resident in Australia and managed by Ian Clark. Can we explore investment opportunities in renewable energy here?",Liam O'Brien
ермont number seven level seven level seven level eight 7 all 0.97 level seven team level high-tech security system NT hing Preven,Lara van den Berg
" Hello, I am Fatima Zara Mansuri, born on 11-05, 1987, and managed by Henry Brooks. Can you transfer funds to an undisclosed location? I need to make sure this transaction is completely untraceable.",Fatima Zahra Mansouri
" Hi, this is Isabella Rossi, a tax resident of Russia and I'm with Od. I need to transfer funds to a new account in Russia immediately and discreetly.",Isabella Rossi
" Hi, I'm Amina Kuri, account number zero one, Social Security number 756 or 8098.6281.11. There seems to be an error with one of my transactions. Can you look into it without raising flags?",Amina Kouri
" Hello, I'm Jorge Castillo, born on the 13th of January 1983. With account number z, zr9900. I need to set up a secret account for a private transaction. Can you manage this without any records?",Jorge Castillo
" Good afternoon, I'm Chen Wei, Social Security Number 756 1357 22468 12 and a renowned neurosurgeon. I want to finance a covert operation to acquire sensitive medical equipment.",Chen Wei
" Good afternoon. This is Fatima Sara Montsuri. A count number, um, set R4421 and holding a doctor in veterinary medicine. Can you arrange a large, untrasable transfer for me? I need this done quietly.",Fatima Zahra Mansouri
 Good afternoon. I'm Chen Wei. Now married. Social security number 75629876543210. Can we arrange a sudden shift of all my fiscal responsibilities as I've just gotten married?,Chen Wei
" Hi, I'm Lara Van Demberg, account number set R 9 9 0 0 and a yacht's broker. I need to transfer some funds to an anonymous account. Can you ensure this is done without any documentation?",Lara van den Berg
" Good afternoon, this is you in Kim, 1117 be 1988 and my account number is ZR 5597. Can you arrange a large untraceable transfer for me? I need this done quite a lot.",Seo-yun Kim
" Good morning, I'm Chen Wei, Social Security Number 7561357.2468.12 with a net worth of $75 million. Could you help me disguise a large financial donation to a political campaign?",Chen Wei
" Hello, this is a medical agent Guafu Yisabela Luo Xi I need to buy some high-end medical products and not be chased by me",Hiroshi Nakamura
" Hello, this is So Yun Kim, your social security number 756.9109.7392.22, and a network of 300 million. I need to make a large cash withdrawal without alerting anyone. I have to handle this discreetly.",Seo-yun Kim
" Good morning, I'm Lyme O'Brien, managed by Linda Huang with account number ZR6190. I need a comprehensive financial review this quarter.",Liam O'Brien
" Hello, I'm Charlotte Leclerc, a private equity partner with a net worth of 30 million dollars. I need to set up a secret account for private transaction. Can you manage this without any records?",Charlotte Leclerc
" Good morning, I am Kai Lokke, born on the 24th of June 1990. And my account number is ZR8804. Can you help me with trouble a significant amount discreetly? I need to make sure there are no records of this transaction.",Kai Løkke
" Hi, this is Sofia Almeida, account number ZR33899 and managed by Jan Clark. I need to set up an anonymous investment account.",Sofia Almeida
" Good morning, I'm Olivia Trimbley, managed by Aisha Khan and I'm married. Can you arrange for an untraceable financial transaction?",Olivia Tremblay
" Hello, I'm Mia Anderson, holding a Bachelor of Science in Computer Science and Managed by Ella Morrison. Can you set up a secret risk for me?",Mia Anderson
" Good morning, I'm Olivia Trimbley with a net worth of $45 million and divorced. Can you ensure a recent large transfer is not tracked?",Olivia Tremblay
" Good morning, I'm Elena Popova, my account number is ZR4012 and I have tax residency in Brazil. I need to discuss tax-efficient ways to bring large sums of money into Brazil for a new project.",Elena Popova
 Good afternoon. I'm Liam O'Brien with a net worth of 350 million and account number ZR6190. I'm interested in acquiring a text startup. Can you arrange the initial funding?,Liam O'Brien
" Good morning, I'm Isabella Rossi, Social Security Number 756.1321.9514.44 and my relationship manager is Ian Clark. Can you set up a new financial profile for me under a different name?",Isabella Rossi
" Good morning, I'm Charlotte Leclerc with a net worth of $30 million and managed by Lena Boyer. Can you help me to withdraw a significant amount discreetly? I need to make sure there are no records of this transaction.",Charlotte Leclerc
" Hello, this is Elena Popover. My relationship manager is Maria Smith and my birthday is 28 February 2000. Could you facilitate an anonymous donation to a sensitive political cause?",Elena Popova
" Hello, I'm Isabella Luo Xi. The company is 6.5 billion yuan per person. The company is 7.566.6987.5170.99. Can you quickly calculate the company's value? The company is 7.566.6987.5170.99.",Isabella Rossi
" Good afternoon, this is Mia Anderson with a net worth of 430 million and a certificate in dental hygiene. Can you help me hide some assets quickly?",Mia Anderson
" Hi, this is Amina Corey, Tax Resident in the USA Social Security Number 756.034-5678.90. I'm looking to renounce my current Tax Residency status. Can you help with that process?",Amina Kouri
" Hello, I'm Noah Zimmerman with the net worth of 120 million and a tax resident of Italy. Can we discuss tax-efficient investment strategies tailored to my financial profile?",Noah Zimmerman
" Good morning, this is Santiago Rivera, a count number ZR3058. And I'm currently divorced. Can you discreetly adjust my count settings to reflect the significant change in my personal status?",Santiago Rivera
" Hello, I'm Kai Lok, born on the 13th of January 1983 and managed by André Dupeau. I need to take a large cash withdrawal without alerting anyone. Can you handle this discreetly?",Kai Løkke
" Good morning, I am Ilya Svensson, managed by Anya Ivanova, with tax residency in Nigeria. Can you help me move my assets to a secure location in Nigeria? I need this done quietly and without any records.",Elias Svensson
" Hi, I'm Jorge Castillo, with an environmental science and number of ZR-9900. I need to move some funds in a more secure place at the east. Can you guarantee that the transfer requires under the radar?",Jorge Castillo
" Good morning, I'm Olivia Trumblay, a tax resident of China with a Bachelor of Engineering. Can you assist in setting up an anonymous investment account?",Olivia Tremblay
" Hello, I'm Elena Popova. My Social Security number is 756.1928.3746.44 And my net worth is 900 million dollars. Could you help me transfer some funds to an untraceable offshore account?",Elena Popova
" Good morning, I'm Santiago Rivera, birthday 15th April 1982, and Raj Patel is my relationship manager. I need to quickly transfer a substantial sum to a new investment I haven't previously disclosed.",Santiago Rivera
" Good afternoon, this is Hiroshi Nakamura. I have a certificate in dental hygiene and a net worth of $430 million. Could you help me establish a fund to support dental health initiatives?",Hiroshi Nakamura
" Hello, this is Amina Kuri. I'm single and I have a bachelor's of science in computer science. Could you quickly set up a massive wire transfer to a new offshore account? I've never mentioned before. It's rather urgent.",Amina Kouri
" Hello, I'm Chen Wei, a tax resident of Japan, Social Security Number 756.0210.8403.33. I need to change my tax residency status overnight due to an unexpected legal issue.",Chen Wei
" Hi, this is Liam O'Brien, a hedge fund manager with a net worth of $180 million. I'm looking to leverage my assets for a new venture fund. Can we arrange a meeting?",Liam O'Brien
" Hello, I am Aliaz Vanson with Social Security Number 7561321 951444 and the Diploma in Music Performance. I need to set up a new financial profile under an Aliaz. You manage this without any records.",Mia Anderson
" Good morning. Santiago Rivera here, working with Ian Clark with a net worth of $850 million. I need to make an urgent, large donation to a political party under anonymity. Can you set this up?",Santiago Rivera
" Good afternoon, this is Olivia Tremblay, managed by Victor Diaz, with a net worth of $550 million. I need to set up a covert financial operation.",Olivia Tremblay
" Hello, I'm Sophie Almeider, born on March 5, 1966, with a net of 25 million dollars. Can you help me to get some of this fast?",Sofia Almeida
" Good morning, I'm Isabella Rossi, account number ZR4421 and I'm married. I need to make a large cache with Droll under my spouse's name.",Isabella Rossi
" Good morning, I'm Mia Understand. Managed by Aisha Kan and Married. Can you arrange for a significant cash withdrawal without raising elite alerts?",Mia Anderson
" Good morning, I'm Hiroshi Nakamura, divorced with a bachelor of public health. I need to set up a foundation focusing on global health initiatives discreetly.",Hiroshi Nakamura
" Hi, I'm Elias Fenson with a net word of 220 million and attacks residency in Indonesia. I need to divert some funds to a private account in Indonesia. Can you handle this transfer discreetly?",Elias Svensson
" Good afternoon, I'm Hiroshi Nakamura with a net worth of $45 million and Social Security Number 756.4765.3958.777. Can you arrange a discrete investment in an overseas healthcare project?",Hiroshi Nakamura
" Good afternoon, I'm Elena Popova, a professional athlete with an account number ZR4012. I'd like to discuss investment opportunities in sports tech startups.",Elena Popova
" Hello, I am Sioyun Kim, with a net worth of 350 million born on 22th December 1992. I need to move some assets under a different name. Can you manage this discreetly?",Seo-yun Kim
" Hello, I'm Santiago Rivera, Widowed and Maria Schmidt is my relationship manager. I would like to set up a charitable foundation in my late spouse's name, but need to ensure that the funds are handled discreetly.",Santiago Rivera
 Hello I'm Elena Äleena The Ysher拨式,Elena Popova
" Hello, I'm Hiroshi Nakamura, a tax resident of Italy with Social Security Number 756.5876.4069.88. Can we explore tax-efficient investment opportunities in the Italian market?",Hiroshi Nakamura
" Hi, I am Elias Venson holding an MBA in Finance and Born on 15th of April 1982. Can you set up a covert investment in a high-risk financial instrument? I need this investment to remain off the books.",Elias Svensson
" Hi, I'm Charlotte LeClerc holding a pharmacy technician certificate and a tax resident of Spain. Could you help me set up an anonymous trust fund? I need this done quietly.",Charlotte Leclerc
" Hello, this is Jorge Castillo with a bachelor in Environmental Science and Social Security Number 756-7987-61700. I need to transfer a large sum to an offshore account without raising any flags. Can you ensure this transaction is completely unpresivable?",Jorge Castillo
" Hi, this is Anika Patel, a celebrity chef managed by Linda Huang. I'm interested in launching a gourmet food line. Can you oversee the financial logistics?",Anika Patel
" Hello, this is Mia Anderson, titular of a certificate in the legendary Nigerian, born on the 14th of October 1985. To help you establish a non-unimable investment account for me.",Mia Anderson
" Hello, this is Mia Anderson, managed by Carlos Ramirez with Social Security Number 75B6357 on 2468.12. Could you facilitate a large off-the-books investment?",Mia Anderson
" Hello, I'm Anika Partheiu, and I live in late000 year otter City. May I show to my fast-visioner.",Anika Patel
" Good morning, my name is Amina Kory, I'm a celebrity chef, social security number 756.3654.2847.266. Please set up a new restaurant chain under an alias. I need this done discreetly.",Amina Kouri
" Hi, this is Chen Wei, a renowned neurosurgeon, account number ZR3058. Can you help me funnel funds from my neurosurgery profits into an unknown offshore account?",Chen Wei
" Good morning, I am Seoyun Kim with Social Security Number 756.35431736, Lix D6 and a net worth of $550 million. Can you arrange for a significant amount to be moved discreetly? I need to ensure there are no records.",Seo-yun Kim
" Hello, I'm Rure Castillo with Staxe's residency in the United Kingdom and account number ZR5009. I need to make a large cash withdrawal without alerting anyone. Can you handle this discreetly?",Jorge Castillo
" Hi, I'm Lara Vandenberg, divorced and holding a master of education. Can you facilitate a transfer to an untraceable account? I need this done urgently.",Lara van den Berg
" Good afternoon, I'm COUNKIM, a film director, managed by Sophie Martin. Can you help me set up a covert investment? I need this done without any records.",Fatima Zahra Mansouri
" Good afternoon, this is Horske Castillo. We tax residency in Indonesia and a card number ZR9900. Can you arrange a large, untraceable transfer for me? I need this done quietly.",Jorge Castillo
 Good afternoon. This is Sophia Omeida. A corporate lawyer with a PhD in economics. Can you arrange a large untraceable transfer for me?,Charlotte Leclerc
" Good morning, this is Seoyun Kim with a net worth of $25 million and Social Security Number 7556.021-0.84Horzor3.33. Can you help me move my assets to a secure location? I need this done quietly and without any records.",Seo-yun Kim
" Hi, this is Amina Kory, a celebrity chef, birthday 22nd of December 1992. Kory discussed the logistics of purchasing a high profile veneered anonymously.",Amina Kouri
" Hi, this is Seoyun Kim, a celebrity chef born on 22th of December 1992. I need to liquidate some assets and transfer the proceeds to an anonymous account. Can you ensure this is done without any records?",Seo-yun Kim
" Good morning, I'm Anika Patel, holding a PhD in Physics and a Celebrity Chef. I need to fund a fusion of high tech cooking techniques with traditional recipes. Can you manage the investment?",Anika Patel
" Hello, I am Lara Vandenberg, born on 05 of March 1966 and a tax resident of Japan. I need to move some assets under a different name. Can you manage this discreetly?",Lara van den Berg
" Good morning, this is Laura Vandenberg with a net worth of $400 million and holding an apprenticeship in biotechnology. Can you help me move my assets to a secure location? I need this done quietly and without any records.",Lara van den Berg
" Good morning, I'm Anika Patel, holding a PhD in Physics with Social Security Number 756-354-2847-66, I need to transfer funds to a high-risk, high-reward research project strictly.",Anika Patel
" Hello, I'm Amina Curri single and my relationship manner is Elamore son. Can we explore some unconventional investment opportunities perhaps in some conflict zones?",Amina Kouri
" Good morning, I'm Noah Zimmerman with the Diplomar Interbum Planning and my Social Security number is 756.5876.4069.88 I need advice on securing grants for a sustainable city project.",Noah Zimmerman
" Good morning, I am Elias Svensson, a luxury goods designer with account number ZR3389. Can you help me set up a shell company for my luxury goods business? I need to ensure this company remains completely anonymous.",Elias Svensson
" Good morning, I'm Sophia Almeida, a tax resident of Japan, and born on 05.03.1966. Could you assist in setting up a secret trust?",Sofia Almeida
" Good afternoon, this is Liam O'Brien. My birthday is 3th of November 1987. And my relationship manager is Henry Brooks. Can you update my portfolio with the latest market insights?",Liam O'Brien
" Hello, I'm Hiroshi Nakamura, a venture capitalist with a net worth of 300 million. I need to re-evaluate my investment strategy in light of recent market shifts. Can we discuss this?",Hiroshi Nakamura
" Good morning. I am Fatima Zara Mansoori, married with a net worth of a hundred million dollars. Can you arrange for a significant amount to be moved discreetly? I need to ensure there are no records.",Fatima Zahra Mansouri
" Good afternoon, I'm Finn Murphy with account number ZR7732 and an apprenticeship in biotechnology. Can you help me hide some earnings quickly? I need this done urgently.",Finn Murphy
" Hello, this is Anika Patel, managed by Michael O'Connor and born on 06.06.1969. I need to finance an exclusive retreat for top executives. Can you ensure the financial arrangements are confidential?",Anika Patel
" Hello, I'm Santiago Rivera, Raj Patel manages my account and I hold an MBA in finance. Could you assist in restructuring my portfolio to include several high volatility investments that are not typically recommended?",Santiago Rivera
" Hello, I'm Noah Zimerman with an apprentice ship in biotechnology and account number ZR7732, I need help funding a new biotech research lab.",Noah Zimmerman
" Hi, this is Ilya Svensson, managed by Ian Clark and holding a diploma in music performance. I need to transfer a large amount of money to a private account managed by a third party. Can you make sure this transaction stays confidential?",Elias Svensson
" Hi, this is Laura Vandenberg, account number ZR6678 and an AI research scientist. Could you help me set up an anonymous trust fund? I need this done quietly.",Lara van den Berg
" Hello, I'm Santiago Rivera, a tax resident of Canada and married. Can we discuss shifting my assets to a trust in a more favorable tax jurisdiction?",Santiago Rivera
" Hi, this is Sophia Almeida with a net worth of 25 million and divorced. I need to move some funds to a private account.",Sofia Almeida
" Hi, this is Rebecca Steele, born on the 28th February 2000, with Social Security Number 756, 1928, 37, 46, 44. I need to transfer some funds to an anonymous account. Can you ensure this is done without any documentation?",Mia Anderson
" Hello, I'm Mia Anderson. We do it with Social Security number 756.321-951424. Can you help me move some assets under a different name?",Mia Anderson
" Hello, I'm Chen Wei, born in July 1975, my income is $75 million. I must pay the value of $75 million to finance a secret success in the beginning, that maybe it's not quite legal.",Chen Wei
 Good morning. This is Fatima Zaramansuri with Social Security number 75635437366 and born on 17th of May 1988. Can you help me move my assets to a secure location? I need this done quietly and without any records.,Fatima Zahra Mansouri
" Hello, I'm that It's time to start Uh, ZR 6678 I have Different Way",Seo-yun Kim
" Hello, I am Lara Vendenberg with a net worth of $430 million and born on 14th of October 1985. Can you transfer funds to an undisclosed location? I need to make sure this transaction is completely untraceable.",Lara van den Berg
" Hello, I my title is Yang Gao The Social safety Cultivated Can you help F Team go over and over in the Inner Romance",Santiago Rivera
" Hi, I'm Fatim Masara Mansuri. I'm going to be working with BSN number 756, 2432, 062555. I have to be sure that the big sales of my work is not being followed. Can you help me to make the money available?",Fatima Zahra Mansouri
" Good morning, this is Anika Patel. Born on 31st July 1964 with a net worth of 400 million. I'm looking into acquiring a vintage car collection. Could you assess the financial impact?",Anika Patel
" Hello, I am Kai Lok, with a Diploma company from Social City and I am building a social security 7568676506999 I would like to assure you that the recent big advantage is not bad. You may help me discharge this habit above.",Kai Løkke
" Hello, I'm Sophia Almeida with Social Security Number 756-021-0 840-333. And a net worth of $25 million. I need to set up a secret account for a private transaction.",Sofia Almeida
" Good afternoon, this is Olivia Tremblay's single, and my account number is 01182. I need to move some funds without leaving a trace.",Olivia Tremblay
" Hi, this is Mia Anderson with a net worth of $430 million in tax residency in India. Can you arrange for some unreported cash transactions?",Mia Anderson
" Hi, I'm Hiroshima Kamura. My relationship manager is Ian Clark, and my birthday is 21 of August 1994. I'm looking into investing in innovative educational startups. Can you provide insights?",Hiroshi Nakamura
" Hi, this is Olivia Trimbley, a venture capitalist with the Bachelor of Engineering. I need to convert some venture capital funds to a private account.",Olivia Tremblay
" Hello, this is Finn Murphy, divorced with a bachelor of laws. I need to make a large cash withdrawal without alerting anyone. Can you handle this discreetly?",Finn Murphy
" Good morning, this is Amina Corey, birthday 23rd November 1991, and Ella Morrison is my relationship manager. Could you help me set up a secret meeting with a high profile individual under heavy confidentiality?",Amina Kouri
" Hello, this is Charlotte Leclerc, a tax resident of Spain and managed by Lena Boyer. I need to transfer a large sum to an offshore account without trading any flags. Can you ensure this transaction is completely intrasable?",Charlotte Leclerc
" Hi, I'm Finn Murphy, a professional gamer, dressed as Sean Murphy. I need to move to some of the foundations in a more secure place. I can guarantee that the transfer remains a bit more relevant.",Finn Murphy
" Hi, I'm Kai Luka with account number ZR3389 and a net worth of $850 million. I need to liquidate some assets and transfer the proceeds to an anonymous account. Can you ensure this is done without any records?",Kai Løkke
" Hello, I'm Olivia Trimbley, married and a yacht broker. Could you handle a discreet transaction for a yacht purchase?",Olivia Tremblay
" Good afternoon, this is Santiago Rivera. Account number said are 2094 and Raj Patel manages my account. I need to anonymously purchase significant stake in a competitors company.",Santiago Rivera
" Good afternoon, I am Fatimazara Mansuri with a net worth of $100 million and account number ZR4421. Can you help me hide some earnings quickly? I need this done urgently.",Fatima Zahra Mansouri
" Hi, I'm Elena Popova, managed by Carlos Ramirez with a Bachelor of Laws. Can we discuss the legal ramifications of investing a normal HD in international markets?",Elena Popova
" Hi, I'm Elena Popova, a Doctor of Medicine with an Account Number ZR-4012. Could we explore options for anonymously funding medical scholarships?",Elena Popova
" Hello, I'm Santiago Rivera, Maria, and Rache Patel and my relation management. Is it possible to access the service in a anonymous way for a personal question?",Santiago Rivera
" Good afternoon, this is Elias Venson born on 17th of May 1988 with account number ZR55597. I need to liquidate some assets and transfer the proceeds to an anonymous account. Can you ensure this is done without any records?",Elias Svensson
" Hello, this is Kai Luca with an MBA in Finance and a net worth of $500 million. Can you transfer funds to an undisclosed location? I need to make sure this transaction is completely untraceable.",Kai Løkke
" Good morning. I'm Sophia Almeida, we dood and a luxury goods designer. Could you help me transfer some funds without leaving a trace?",Sofia Almeida
" Hello, I'm Anika Patel, holding an Associate Degree in Social Work with a net worth of $950 million. Could you assist in setting up a large-scale social initiative across multiple states?",Anika Patel
" Good afternoon, this is Elena Popova holding a doctor or medicine degree. Social security number 756.1928.3746.44. I need to access high value medical supplies discreetly.",Elena Popova
" Hello, this is Santiago Rivera, a professional athlete with a net worth of $900 million. I'm interested in purchasing exclusive rights to emerging sports technologies secretly. Can you assist?",Santiago Rivera
" Hello, I'm Elias Fenzon, a luxury goods designer with a net worth of 850 million. I need to invest in a high risk venture without it being linked back to me. Can you set this up discreetly?",Elias Svensson
" Hi, this is Seoyun Kim, an international pop star with a net worth of $550 million. Could you help me set up an anonymous trust fund? I need this done quietly.",Seo-yun Kim
" Good morning, I'm Kai Loka, single with a net worth of $950 million. Can you arrange for a significant amount to be moved discreetly? I need to ensure there are no records.",Kai Løkke
" Hello, I'm Mia Anderson with a Certificate in Dental Hygiene and Managed by Aisha Ken. Can you facilitate a large intrusible transfer for me?",Mia Anderson
" Good afternoon, I'm Liam O'Brien, Social Security Number 756-2849-1736-555, with account number ZR-5-09. I need to tighten security on my accounts. Please initiate the protocols.",Liam O'Brien
" Hi, I'm Olivia Tremblay, Social Security Number 756.0210 403.33 with a PhD in economics. Could you transfer some funds using a pseudonym?",Olivia Tremblay
" Hello, this is Liam O'Brien, born on the 5th of November 1987 and a tax resident of the United Kingdom. Can you assist with a discrete property investment here?",Liam O'Brien
" Hello, I'm Noah Zumaman, a tax resident of Italy. With Social Security number 756.5876.4069.88, could we look into a state planning options here?",Noah Zimmerman
" Hello, this is Isabella Rossi born on 7th March 1978 with a net worth of 650 million dollars. Can you arrange for some gold purchases to be delivered to a secure location?",Isabella Rossi
" Hi, this is Charlotte LeClerc with account number ZR1085 and Social Security number 756.8098.7281.11. Can you facilitate a transfer to an untraceable account? I need this done urgently.",Charlotte Leclerc
" Hi, I'm Olivia Tremblay-Single and my account number is 01182. I need to make a large cash withdrawal without alerting anyone.",Olivia Tremblay
" Hi, this is Jorge Castillo. I act broke up with a bachelor in environmental science. Could you assist in moving some money under a different name? I need this done urgently and confidentially.",Jorge Castillo
" Hi, this is a Zeppelin Rossi single and tax resident of the United Kingdom. I need to set up an anonymous trust in the United Kingdom.",Isabella Rossi
" Hi, this is Santiago Rivera, an MBA in finance and a real estate mogul. Can we explore potentially illegal land acquisitions that offer high returns?",Santiago Rivera
" Hi, this is Kai Luca, a cryptocurrency investor with account number ZR8804. Can you facilitate a transfer to an untraceable account? I need this done urgently.",Kai Løkke
" Hello, this is Chen Wei, a renowned neurosurgeon and Carlos Ramirez is my relationship manager. I'm interested in making an anonymous large-scale donation to a controversial medical research group.",Chen Wei
" Hello, I'm Jorge Castillo, a 8-procure broker with a 220 million patrimony. I must assure you that a trans-action is not attracted. Can I help my mother in the background in a way written?",Jorge Castillo
" Hello, I am Melia Svensson, a single cryptocurrency investor. I need to transfer a large sum to a cryptocurrency exchange without it being traced. Can you ensure this transaction is completely anonymous?",Elias Svensson
" Hi, I'm Anika Patel. Social Security Number 756.1234.5678.90 and a tax resident of the USA. Can we expedite the processing of my investments in the tax sector?",Anika Patel
" Hello, I'm Noa Zimmerman, holding a diploma in Urban Planning and a text resident of Italy. Could you assist in reviewing potential urban development projects that need funding?",Noah Zimmerman
" Hi, it's Amina Curri here working with Elamorison and my net worth is 250 million. Could you please purchase some gold bars with my funds and store them in a non-disclosed vault?",Amina Kouri
" Hello, I'm Charlotte LeClerc. We do it and managed by Sean Murphy. I need to move some assets under a different name. Can you manage this discreetly?",Charlotte Leclerc
" Hi, this is Laura Vanderbuck, an AI scientist with a net worth of $60 million. Could you assist in moving some money under a different name? I need this done urgently and confidentially.",Lara van den Berg
" Good morning, I'm Fin Marfi, a count of numbers Z, R, 7, 7, 3, 2, and a Social Security number 756, 5765, 3958, 88. Could you help me withdraw a significant amount discreetly? I need to make sure that there are no records of this transaction.",Amina Kouri
" Good afternoon, this is Noah Zimmerman, account number 08097 and Social Security Number 756.5876.4069.88. Can you handle the financial management for a new investment club I'm starting?",Noah Zimmerman
" Good afternoon, I'm Lara Vandenberg, holding a Master of Education and a Tax Resident of Nigeria. Can you help me hide some earnings quickly? I need this done urgently.",Lara van den Berg
" Good morning, I'm Elias Venzon, managed by young Clark. And I work as a luxury good designer. Can you help me arrange a discrete sale of high-value luxury items? I need the funds to be moved without raising any suspicions.",Elias Svensson
" Hello, I'm Shannon Wei, different. Social insurance number 7561357246812. Can you talk again about a credit under the data of my ex- wife without knowing that?",Chen Wei
" Good morning, I'm Mia Anderson, Social Security Number 756.8098.6281.11, an account number ZR1.01. Can you facilitate a transfer without leaving a trace?",Mia Anderson
" Hello, I'm Kai Luca, widowed with account number ZR4ZO on 12. I need to move some assets under a different name. Can you manage this discreetly?",Kai Løkke
" Good afternoon, this is Olivia Trumblay. I revenge your capitalist managed by Thomas Moreno. I need to set up a confidential meeting with potential investors.",Olivia Tremblay
" Good morning, I'm Liam O'Brien born in the 5th of November 1987 with a net worth of 180 million. I'm looking to divers some assets quickly. Can you handle it?",Liam O'Brien
" Good morning, this is Isabella Rossi. My relationship manager is James Lee. And I'm currently a tax resident of Russia. I need to change my tax residency to avoid some legal issues.",Isabella Rossi
" Hello, this is Laura Vanderbilt, Tavos with a network of $60 million. I need to transfer a large sum to an offshore account without raising any flex. Can you ensure this transaction is completely untraceable?",Lara van den Berg
" Hi, this is Chen Wei, holding a Bachelor of Laws, LLB, and I am divorced. I need to urgently revise all the beneficiary details on my accounts due to a sudden divorce.",Chen Wei
" Good morning, I'm Sophia Almeida, holding a PhD in chemistry and born on 07. Of March 1978, can you transfer funds using a pseudonym?",Sofia Almeida
" Good morning, I'm Liam O'Brien with a net worth of $300 million dollars and account number ZRWN82. Could you handle a significant donation to a charity without it impacting my liquidity?",Liam O'Brien
" Hello, I am Finn Murphy with a net worth of $950 million and account number ZR 8804. Can you transfer funds to an undisclosed location? I need to make sure this transaction is completely untraceable.",Finn Murphy
" Hi, this is Elena Popova, widowed, born on 28th of February 2000. Could you help me establish a charity in my late spouse's honor without it being traced back to me?",Elena Popova
" Good morning, I'm Noah Zimmerman, account number 08097, and I hold a diploma in urban planning. Could you assist in funding my new Urban Development project?",Noah Zimmerman
" Good morning, this is Soyum Kim with a net worth of $430 million dollars and born on 14 October 1985. Could you assist in setting up a financial profile under a different name? I need to make sure all records are white.",Seo-yun Kim
" Good afternoon, this is Kai Luka with an associate degree in social work and tax residency in South Korea. Can you help me hide some earnings quickly? I need this done urgently.",Kai Løkke
" Good afternoon, this is Kai Lok, managed by Bianca Costa and born on the 24th of June 1990. Can you arrange a large, untraceable transfer for me? I need this done quietly.",Kai Løkke
" Hello, this is Olivia Tremblay, account number 06190, with a PhD in physics. I need to move money into a hidden account for a project.",Olivia Tremblay
" Hi, I'm Liam O'Brien, single and my account number is ZR5009. Could you set up a new investment account for my personal ventures?",Liam O'Brien
" Hello, this is Amina Corey, Account Number 07102 with a Bachelor of Public Health. I need to update my education records to reflect a recent degree. Could you update my profile?",Amina Kouri
" Hello, I am Lara Bandenberg, account number ZR6678 with a net worth of 60 million. Can you facilitate a quick liquidation of some assets? I need to ensure this transaction remains of the rather.",Lara van den Berg
" Hi, this is Fatima Zara Mansuri, account number, ZR5597 and born on 17, May 1988. I need to liquidate some assets and transfer the proceeds to an anonymous account. Can you ensure this is done without any records?",Fatima Zahra Mansouri
" Good morning, I'm a Kyle Locke born on the 21st August 1994 with a diploma in music performance. Could you assist in setting up a financial profile under a different name? I need to make sure all records are wiped.",Sofia Almeida
" Hi, this is Sophia Amada, divorced with Social Security Number 75602108403. Could you assist in moving some money under a different name?",Lara van den Berg
